Workbook

Sheet Bibliotheque
A1: N°Obs | B1: Quels est votre genre ? | C1: Dans quelle tranche d'âge vous situez-vous ? | D1: Quelle est votre situation professionnelle actuelle ? | E1: Autre : | F1: Dans quel type de logement vivez-vous actuellement ? | G1: Autre : : | H1: Quel est le code postal de votre lieu de résidence ? | I1: Département | J1: Comment définiriez-vous l'emplacement de votre domicile par rapport au centre-ville ? | K1: Une bibliothèque d'objets à Besançon vous intéresserait-elle ? | L1: Quelles raisons vous motiveraient à utiliser une bibliothèque d'objets ? (Plusieurs réponses possibles) | M1: Autre : :2 | N1: Accepteriez-vous de partager certains de vos objets personnels avec d'autres utilisateurs ? | O1: Si oui, quels types d'objets seriez-vous prêt(e) à partager ? | P1: Avez-vous déjà utilisé des services de location ou de prêt d'objets ?_ | Q1: Accepteriez-vous de payer une cotisation pour accéder à une bibliothèque d'objets ? | R1: Pour un objet d'une valeur de 200€ neuf, quel prix maximum de location journalière seriez-vous prêt(e) à payer ? | S1: Autre : :3 | T1: Quels critères considérez-vous comme essentiels pour utiliser un service de prêt d'objets ? (Plusieurs réponses possibles) | U1: Autre : :4 | V1: Souhaitez-vous recevoir des informations sur l'évolution de ce projet ? | W1: Nom + prénom : | X1: E-mail : | Y1: Téléphone (facultatif) : | Z1: Clé | AA1: Date de saisie | AB1: Date de dernière modification | AC1: Date de dernier enregistrement | AD1: Temps de saisie | AE1: Langue | AF1: Progression | AG1: Dernière question saisie | AH1: Origine | AI1: Appareil utilisé pour la saisie | AJ1: Campagne de diffusion
A2: 1 | Z2: 5324-DVG6 | AA2: 28/03/2025 14:49:02 | AC2: 28/03/2025 14:51:32 | AD2: 150.11849 | AE2: FR | AF2: Terminé | AH2: direct | AI2: Smartphone | AJ2: aa588d67cccf4d2bb8f808dd4fdad167
A3: 2 | B3: Non-binaire | C3: 35-44 ans | D3: En activité professionnelle | F3: Appartement | H3: 25720 | I3: 25 | J3: Proche du centre | K3: Oui | L3: Préoccupations environnementales;Réduire l'accumulation d'objets | N3: Oui , avec certaines conditions | O3: Cuisine | P3: Non, jamais | Q3: Non, je ne souhaiterai pas payer de cotisation | R3: 10€ | T3: Disponibilité des objets;Facilité de réservation et d'emprunt;Prix abordable | V3: Je souhaite être informé(e) des prochaines étapes | W3: Thibault Aubertin | X3: aubertin.thibault@gmail.com | Z3: 8CLM-Y3Q4 | AA3: 07/04/2025 22:27:04 | AC3: 07/04/2025 22:31:38 | AD3: 274.23552 | AE3: FR | AF3: Terminé | AH3: direct | AI3: PC | AJ3: aa588d67cccf4d2bb8f808dd4fdad167
A4: 3 | B4: Femme | C4: 35-44 ans | D4: En activité professionnelle | F4: Maison | H4: 25000 | I4: 25 | J4: Centre | K4: Oui | L4: Manque d'espace de stockage;Contraintes budgétaires;Préoccupations environnementales;Réduire l'accumulation d'objets | N4: Oui , avec certaines conditions | O4: Camping / Randonnée | P4: Non, jamais | Q4: Non, je ne souhaiterai pas payer de cotisation | R4: 10€ | T4: Disponibilité des objets;Facilité de réservation et d'emprunt;Prix abordable | V4: Je souhaite être informé(e) des prochaines étapes | W4: molherat caroline | X4: molheratcaroline@yahoo.fr | Z4: YVWD-3ASA | AA4: 15/04/2025 18:57:08 | AC4: 15/04/2025 19:01:18 | AD4: 249.76467 | AE4: FR | AF4: Terminé | AH4: direct | AI4: PC | AJ4: aa588d67cccf4d2bb8f808dd4fdad167
A5: 4 | B5: Femme | C5: 45-54 ans | D5: En activité professionnelle | F5: Appartement | H5: 25000 | I5: 25 | J5: Proche du centre | K5: Oui | L5: Manque d'espace de stockage;Contraintes budgétaires;Préoccupations environnementales;Envie de partager des compétences;Réduire l'accumulation d'objets;Éviter les frais d'entretien | N5: Non , je souhaite uniquement emprunter | P5: Oui, occasionnellement | Q5: Non, je ne souhaiterai pas payer de cotisation | R5: 10€ | T5: Facilité de réservation et d'emprunt;Prix abordable;Durée de prêt flexible;Support et explications d'utilisation | V5: Je souhaite être informé(e) des prochaines étapes | W5: Humbett Alice | X5: Alice.humbert1@orange.fr | Y5: 06 84 77 64 63 | Z5: EW34-K8LY | AA5: 15/04/2025 19:41:24 | AC5: 15/04/2025 19:44:43 | AD5: 199.33645 | AE5: FR | AF5: Terminé | AH5: direct | AI5: Smartphone | AJ5: aa588d67cccf4d2bb8f808dd4fdad167
A6: 5 | B6: Femme | C6: 25-34 ans | D6: En activité professionnelle | F6: Maison | H6: 25870 | I6: 25 | J6: Zone rurale | K6: Oui | L6: Contraintes budgétaires;Préoccupations environnementales;Réduire l'accumulation d'objets | N6: Oui , avec certaines conditions | O6: Jeux extérieurs | P6: Non, jamais | Q6: Non, je ne souhaiterai pas payer de cotisation | R6: 10€ | T6: Disponibilité des objets;Facilité de réservation et d'emprunt;Prix abordable;Durée de prêt flexible;Support et explications d'utilisation | V6: Je souhaite être informé(e) des prochaines étapes | W6: Charmoille Désirée | X6: charmoilledesiree@yahoo.fr | Z6: W4K5-6DN9 | AA6: 15/04/2025 21:12:24 | AC6: 15/04/2025 21:17:56 | AD6: 331.11882 | AE6: FR | AF6: Terminé | AH6: direct | AI6: Smartphone | AJ6: aa588d67cccf4d2bb8f808dd4fdad167
A7: 6 | B7: Femme | C7: 35-44 ans | D7: En activité professionnelle | F7: Maison | H7: 25000 | I7: 25 | J7: Proche du centre | K7: Oui | L7: Manque d'espace de stockage;Contraintes budgétaires;Préoccupations environnementales;Envie de partager des compétences;Réduire l'accumulation d'objets | N7: Oui , avec certaines conditions | P7: Non, jamais | R7: 10€ | T7: Facilité de réservation et d'emprunt;Prix abordable;Durée de prêt flexible | V7: Je souhaite être informé(e) des prochaines étapes | W7: Chazal Anne-Cécile | X7: chazalannececile@gmail.com | Z7: SR6L-FV73 | AA7: 15/04/2025 21:43:59 | AC7: 15/04/2025 21:47:18 | AD7: 198.9303 | AE7: FR | AF7: Terminé | AH7: direct | AI7: Smartphone | AJ7: aa588d67cccf4d2bb8f808dd4fdad167
A8: 7 | B8: Femme | C8: 35-44 ans | D8: En activité professionnelle | F8: Appartement | H8: 25000 | I8: 25 | J8: Proche du centre | K8: Oui | L8: Contraintes budgétaires;Préoccupations environnementales;Réduire l'accumulation d'objets | N8: Oui , avec certaines conditions | P8: Non, jamais | Q8: Non, je ne souhaiterai pas payer de cotisation | R8: 10€ | T8: Disponibilité des objets;Facilité de réservation et d'emprunt;Prix abordable | V8: Je souhaite être informé(e) des prochaines étapes | W8: THIEBAUD AURELIE | X8: aurelie.thiebaud@yahoo.fr | Y8: 0667427026 | Z8: W7Q7-ZGU7 | AA8: 18/04/2025 09:33:09 | AC8: 18/04/2025 09:36:14 | AD8: 184.8363 | AE8: FR | AF8: Terminé | AH8: direct | AI8: PC | AJ8: aa588d67cccf4d2bb8f808dd4fdad167
A9: 8 | B9: Homme | C9: 35-44 ans | D9: En activité professionnelle | F9: Maison | H9: 25660 | I9: 25 | J9: Périphérie | K9: Oui | L9: Contraintes budgétaires;Préoccupations environnementales;Envie de partager des compétences;Réduire l'accumulation d'objets | N9: Oui , avec certaines conditions | P9: Oui, occasionnellement | Q9: Non, je ne souhaiterai pas payer de cotisation | R9: 10€ | T9: Facilité de réservation et d'emprunt;Prix abordable | V9: Je ne souhaite pas être tenu(e) informé | Z9: WJHW-GMDA | AA9: 18/04/2025 14:30:15 | AC9: 18/04/2025 14:32:37 | AD9: 142.01246 | AE9: FR | AF9: Terminé | AH9: direct | AI9: PC | AJ9: aa588d67cccf4d2bb8f808dd4fdad167
A10: 9 | B10: Femme | C10: 35-44 ans | D10: En activité professionnelle | F10: Appartement | H10: 25000 | I10: 25 | J10: Hyper-centre | K10: Oui | L10: Manque d'espace de stockage;Préoccupations environnementales;Réduire l'accumulation d'objets | N10: Oui , avec certaines conditions | O10: Multimédia | P10: Oui, occasionnellement | Q10: Non, je ne souhaiterai pas payer de cotisation | R10: 10€ | T10: Disponibilité des objets;Prix abordable | V10: Je souhaite être informé(e) des prochaines étapes | W10: Vouillot Cécile | X10: cecile.vouillot@gmail.com | Z10: VCLA-ULC5 | AA10: 20/04/2025 19:39:09 | AC10: 20/04/2025 19:43:24 | AD10: 255.65148 | AE10: FR | AF10: Terminé | AH10: direct | AI10: PC | AJ10: aa588d67cccf4d2bb8f808dd4fdad167
A11: 10 | B11: Homme | C11: 35-44 ans | D11: En activité professionnelle | F11: Appartement | H11: 25000 | I11: 25 | J11: Hyper-centre | K11: Peut-être | L11: Manque d'espace de stockage;Préoccupations environnementales;Envie de partager des compétences | N11: Non , je souhaite uniquement emprunter | P11: Oui, régulièrement | Q11: Non, je ne souhaiterai pas payer de cotisation | R11: 15€ | T11: Disponibilité des objets;Facilité de réservation et d'emprunt;Autre : | U11: Qualité des outils et maintenance garantie, bon état de fonctionnement assuré (outils électriques / électroportatifs en particulier). | V11: Je souhaite être informé(e) des prochaines étapes | W11: Brand Xavier | X11: xavier.brand@free.fr | Z11: UBAU-ZDCP | AA11: 22/04/2025 10:53:03 | AC11: 22/04/2025 10:59:39 | AD11: 395.54302 | AE11: FR | AF11: Terminé | AH11: direct | AI11: PC | AJ11: aa588d67cccf4d2bb8f808dd4fdad167
A12: 11 | B12: Homme | C12: 45-54 ans | D12: Retraité(e) | F12: Appartement | H12: 25000 | I12: 25 | J12: Centre | K12: Oui | L12: Préoccupations environnementales;Envie de partager des compétences;Réduire l'accumulation d'objets | N12: Oui , avec certaines conditions | O12: Ménage | P12: Oui, occasionnellement | Q12: Non, je ne souhaiterai pas payer de cotisation | R12: 10€ | T12: Disponibilité des objets;Facilité de réservation et d'emprunt;Prix abordable;Durée de prêt flexible | V12: Je souhaite être informé(e) des prochaines étapes | W12: pierre corneloup | X12: piou25@laposte.net | Z12: V4VM-2XT2 | AA12: 03/05/2025 18:01:28 | AC12: 03/05/2025 18:05:58 | AD12: 270.1967 | AE12: FR | AF12: Terminé | AH12: direct | AI12: PC | AJ12: aa588d67cccf4d2bb8f808dd4fdad167
A13: 12 | B13: Homme | C13: 45-54 ans | D13: En activité professionnelle | F13: Maison | H13: 25000 | I13: 25 | J13: Proche du centre | K13: Oui | L13: Préoccupations environnementales;Réduire l'accumulation d'objets;Éviter les frais d'entretien | N13: Oui , avec certaines conditions | P13: Oui, occasionnellement | R13: 10€ | T13: Facilité de réservation et d'emprunt;Prix abordable | V13: Je souhaite être informé(e) des prochaines étapes | W13: Vincent Lecomte | X13: vincent25@zaclys.net | Z13: DGR9-RJRU | AA13: 03/05/2025 19:48:57 | AC13: 03/05/2025 19:53:41 | AD13: 283.48339 | AE13: FR | AF13: Terminé | AH13: direct | AI13: PC | AJ13: aa588d67cccf4d2bb8f808dd4fdad167
A14: 13 | B14: Femme | C14: 35-44 ans | D14: En activité professionnelle | F14: Appartement | H14: 25000 | I14: 25 | J14: Centre | K14: Oui | L14: Manque d'espace de stockage;Contraintes budgétaires;Préoccupations environnementales;Envie de partager des compétences;Réduire l'accumulation d'objets;Éviter les frais d'entretien | N14: Oui , avec certaines conditions | O14: Animalerie | P14: Oui, occasionnellement | Q14: Non, je ne souhaiterai pas payer de cotisation | R14: 10€ | T14: Disponibilité des objets;Facilité de réservation et d'emprunt;Prix abordable;Support et explications d'utilisation | V14: Je souhaite être informé(e) des prochaines étapes | W14: Geslin Marianne | X14: mariannegeslin@yahoo.com | Z14: EHVJ-D3C7 | AA14: 03/05/2025 21:23:26 | AC14: 03/05/2025 21:26:29 | AD14: 183.66787 | AE14: FR | AF14: Terminé | AH14: direct | AI14: Smartphone | AJ14: aa588d67cccf4d2bb8f808dd4fdad167
A15: 14 | B15: Femme | C15: 35-44 ans | D15: En activité professionnelle | F15: Maison | H15: 25000 | I15: 25 | J15: Centre | K15: Peut-être | L15: Préoccupations environnementales;Réduire l'accumulation d'objets;Éviter les frais d'entretien | N15: Non , je souhaite uniquement emprunter | P15: Oui, occasionnellement | R15: 15€ | T15: Disponibilité des objets;Facilité de réservation et d'emprunt;Prix abordable;Durée de prêt flexible;Support et explications d'utilisation | V15: Je ne souhaite pas être tenu(e) informé | Z15: Y9JB-F93P | AA15: 04/05/2025 13:39:02 | AC15: 04/05/2025 13:41:47 | AD15: 164.61082 | AE15: FR | AF15: Terminé | AH15: direct | AI15: Smartphone | AJ15: aa588d67cccf4d2bb8f808dd4fdad167
A16: 15 | B16: Femme | C16: 35-44 ans | D16: En activité professionnelle | F16: Maison | H16: 25000 | I16: 25 | J16: Proche du centre | K16: Oui | L16: Préoccupations environnementales;Réduire l'accumulation d'objets | N16: Oui , avec certaines conditions | P16: Oui, occasionnellement | R16: 10€ | T16: Facilité de réservation et d'emprunt;Durée de prêt flexible | V16: Je ne souhaite pas être tenu(e) informé | Z16: 9VD9-NJMS | AA16: 04/05/2025 21:01:15 | AC16: 04/05/2025 21:11:41 | AD16: 625.30611 | AE16: FR | AF16: Terminé | AH16: direct | AI16: PC | AJ16: aa588d67cccf4d2bb8f808dd4fdad167
A17: 16 | B17: Femme | C17: 35-44 ans | D17: En activité professionnelle | F17: Appartement | H17: 25000 | I17: 25 | J17: Proche du centre | K17: Oui | L17: Manque d'espace de stockage;Préoccupations environnementales;Réduire l'accumulation d'objets | N17: Oui , sans condition particulière | O17: Jardinage | P17: Non, jamais | Q17: Non, je ne souhaiterai pas payer de cotisation | R17: 10€ | T17: Facilité de réservation et d'emprunt;Support et explications d'utilisation | V17: Je souhaite être informé(e) des prochaines étapes | W17: Ludivine Petit | X17: luludivinepetit@yahoo.fr | Y17: 0682413213 | Z17: GUGF-FGQZ | AA17: 04/05/2025 21:37:45 | AC17: 04/05/2025 21:44:28 | AD17: 403.71225 | AE17: FR | AF17: Terminé | AH17: direct | AI17: Smartphone | AJ17: aa588d67cccf4d2bb8f808dd4fdad167
A18: 17 | B18: Femme | C18: 35-44 ans | D18: En activité professionnelle | F18: Appartement | H18: 25000 | I18: 25 | J18: Proche du centre | K18: Oui | L18: Préoccupations environnementales;Réduire l'accumulation d'objets | N18: Oui , sans condition particulière | P18: Non, jamais | Q18: Non, je ne souhaiterai pas payer de cotisation | R18: 5€ | T18: Facilité de réservation et d'emprunt;Prix abordable | V18: Je souhaite être informé(e) des prochaines étapes | W18: Maillard-Salin Coline | X18: Maillardsalin.c@gmail.com | Y18: 0660570106 | Z18: YCH9-2CS6 | AA18: 04/05/2025 21:53:57 | AC18: 04/05/2025 22:01:04 | AD18: 426.10157 | AE18: FR | AF18: Terminé | AH18: direct | AI18: Smartphone | AJ18: aa588d67cccf4d2bb8f808dd4fdad167
A19: 18 | B19: Femme | C19: 18-24 ans | D19: Étudiant(e) | F19: Appartement | H19: 90300 | I19: 90 | J19: Proche du centre | K19: Oui | L19: Réduire l'accumulation d'objets | N19: Oui , sans condition particulière | O19: Puériculture | P19: Non, jamais | R19: 5€ | T19: Facilité de réservation et d'emprunt;Prix abordable;Durée de prêt flexible;Support et explications d'utilisation | V19: Je ne souhaite pas être tenu(e) informé | Z19: ZWQQ-L7XK | AA19: 05/05/2025 11:23:04 | AC19: 05/05/2025 11:24:54 | AD19: 110.63317 | AE19: FR | AF19: Terminé | AH19: direct | AI19: Smartphone | AJ19: aa588d67cccf4d2bb8f808dd4fdad167
A20: 19 | B20: Femme | C20: 18-24 ans | D20: Étudiant(e) | F20: Appartement | H20: 90000 | I20: 90 | J20: Centre | K20: Peut-être | L20: Contraintes budgétaires | N20: Non , je souhaite uniquement emprunter | P20: Oui, occasionnellement | R20: 5€ | T20: Facilité de réservation et d'emprunt | V20: Je ne souhaite pas être tenu(e) informé | Z20: 8AGF-E7AK | AA20: 05/05/2025 11:25:16 | AC20: 05/05/2025 11:26:55 | AD20: 99.117933 | AE20: FR | AF20: Terminé | AH20: direct | AI20: Tablette | AJ20: aa588d67cccf4d2bb8f808dd4fdad167
A21: 20 | B21: Femme | C21: 18-24 ans | D21: Étudiant(e) | F21: Appartement | H21: 90000 | I21: 90 | J21: Proche du centre | K21: Non | L21: Réduire l'accumulation d'objets | N21: Non , je souhaite uniquement emprunter | P21: Non, jamais | R21: 20 | T21: Facilité de réservation et d'emprunt;Prix abordable;Support et explications d'utilisation | V21: Je ne souhaite pas être tenu(e) informé | Z21: 2B6Q-7M2L | AA21: 05/05/2025 11:24:07 | AC21: 05/05/2025 11:26:59 | AD21: 172.25142 | AE21: FR | AF21: Terminé | AH21: direct | AI21: Smartphone | AJ21: aa588d67cccf4d2bb8f808dd4fdad167
A22: 21 | B22: Femme | C22: 18-24 ans | D22: Étudiant(e) | F22: Appartement | H22: 90000 | I22: 90 | J22: Zone rurale | K22: Non | L22: Contraintes budgétaires | N22: Non , je souhaite uniquement emprunter | P22: Oui, occasionnellement | R22: 20 | T22: Disponibilité des objets;Facilité de réservation et d'emprunt;Prix abordable | V22: Je ne souhaite pas être tenu(e) informé | Z22: K4SW-7NAP | AA22: 05/05/2025 11:25:21 | AC22: 05/05/2025 11:27:10 | AD22: 108.77068 | AE22: FR | AF22: Terminé | AH22: direct | AI22: Smartphone | AJ22: aa588d67cccf4d2bb8f808dd4fdad167
A23: 22 | B23: Homme | C23: 18-24 ans | D23: Étudiant(e) | F23: Appartement | H23: 90000 | I23: 90 | J23: Proche du centre | K23: Non | L23: Manque d'espace de stockage | N23: Oui , sans condition particulière | O23: Matériel sportif | P23: Non, jamais | R23: 5€ | T23: Prix abordable | V23: Je ne souhaite pas être tenu(e) informé | Z23: J7P5-YA7V | AA23: 05/05/2025 11:25:28 | AC23: 05/05/2025 11:27:28 | AD23: 119.88984 | AE23: FR | AF23: Terminé | AH23: direct | AI23: Smartphone
A24: 23 | B24: Femme | C24: 18-24 ans | D24: Étudiant(e) | F24: Maison | H24: 90340 | I24: 90 | J24: Périphérie | K24: Non | L24: Contraintes budgétaires;Préoccupations environnementales;Réduire l'accumulation d'objets | N24: Oui , sans condition particulière | P24: Non, jamais | Q24: Non, je ne souhaiterai pas payer de cotisation | R24: 10€ | T24: Disponibilité des objets;Prix abordable;Durée de prêt flexible | V24: Je ne souhaite pas être tenu(e) informé | Z24: D429-LRX3 | AA24: 05/05/2025 11:25:55 | AC24: 05/05/2025 11:28:00 | AD24: 124.70232 | AE24: FR | AF24: Terminé | AH24: direct | AI24: Smartphone | AJ24: aa588d67cccf4d2bb8f808dd4fdad167
A25: 24 | B25: Femme | C25: 18-24 ans | D25: Étudiant(e) | F25: Appartement | H25: 9000 | I25: 90 | J25: Proche du centre | K25: Oui | L25: Manque d'espace de stockage;Contraintes budgétaires;Préoccupations environnementales;Réduire l'accumulation d'objets;Éviter les frais d'entretien | N25: Oui , sans condition particulière | O25: Bagagerie | P25: Non, jamais | Q25: Non, je ne souhaiterai pas payer de cotisation | R25: 10€ | T25: Disponibilité des objets | V25: Je ne souhaite pas être tenu(e) informé | Z25: 7ZCD-YGQ2 | AA25: 05/05/2025 11:28:10 | AC25: 05/05/2025 11:31:01 | AD25: 170.867 | AE25: FR | AF25: Terminé | AH25: direct | AI25: Smartphone | AJ25: aa588d67cccf4d2bb8f808dd4fdad167
A26: 25 | B26: Homme | C26: 18-24 ans | D26: Étudiant(e) | F26: Appartement | H26: 90000 | I26: 90 | J26: Proche du centre | K26: Non | L26: Autre : | M26: Essayer des objets sans avoir besoin de les acheter | N26: Non , je souhaite uniquement emprunter | P26: Non, jamais | R26: 5€ | T26: Disponibilité des objets;Facilité de réservation et d'emprunt;Prix abordable;Durée de prêt flexible | V26: Je ne souhaite pas être tenu(e) informé | Z26: DLRB-3JQE | AA26: 05/05/2025 11:33:34 | AC26: 05/05/2025 11:36:17 | AD26: 162.31734 | AE26: FR | AF26: Terminé | AH26: direct | AI26: Smartphone | AJ26: aa588d67cccf4d2bb8f808dd4fdad167
A27: 26 | B27: Femme | C27: 18-24 ans | D27: Étudiant(e) | F27: Maison | H27: 68720 | I27: 68 | J27: Proche du centre | K27: Oui | L27: Manque d'espace de stockage;Préoccupations environnementales;Envie de partager des compétences;Réduire l'accumulation d'objets;Éviter les frais d'entretien | N27: Non , je souhaite uniquement emprunter | P27: Oui, régulièrement | Q27: Non, je ne souhaiterai pas payer de cotisation | R27: 10€ | T27: Prix abordable | V27: Je souhaite être informé(e) des prochaines étapes | W27: KHIDER SATAH | Z27: FR5Y-PZMB | AA27: 05/05/2025 11:37:25 | AC27: 05/05/2025 11:38:36 | AD27: 71.490812 | AE27: FR | AF27: Terminé | AH27: direct | AI27: Smartphone | AJ27: aa588d67cccf4d2bb8f808dd4fdad167
A28: 27 | B28: Femme | C28: 18-24 ans | D28: Étudiant(e) | F28: Maison | H28: 90000 | I28: 90 | J28: Proche du centre | K28: Peut-être | L28: Manque d'espace de stockage;Envie de partager des compétences;Réduire l'accumulation d'objets | N28: Oui , avec certaines conditions | O28: Evènements & fêtes | P28: Non, jamais | Q28: Non, je ne souhaiterai pas payer de cotisation | R28: 10€ | T28: Disponibilité des objets;Facilité de réservation et d'emprunt;Prix abordable;Durée de prêt flexible | V28: Je souhaite être informé(e) des prochaines étapes | W28: Jaber Jana | X28: Jbrjanaa@gmail.com | Y28: 07.83.40.78.17 | Z28: HC6D-8FQH | AA28: 05/05/2025 11:40:57 | AC28: 05/05/2025 11:43:15 | AD28: 138.42663 | AE28: FR | AF28: Terminé | AH28: direct | AI28: Smartphone | AJ28: aa588d67cccf4d2bb8f808dd4fdad167
A29: 28 | B29: Homme | C29: 18-24 ans | D29: Étudiant(e) | F29: Appartement | H29: 25200 | I29: 25 | J29: Proche du centre | K29: Oui | L29: Contraintes budgétaires;Réduire l'accumulation d'objets | N29: Oui , avec certaines conditions | P29: Non, jamais | Q29: Non, je ne souhaiterai pas payer de cotisation | R29: 10€ | T29: Disponibilité des objets;Facilité de réservation et d'emprunt;Prix abordable | V29: Je ne souhaite pas être tenu(e) informé | Z29: 2GDB-7BWV | AA29: 05/05/2025 11:42:28 | AC29: 05/05/2025 11:44:29 | AD29: 121.59131 | AE29: FR | AF29: Terminé | AH29: direct | AI29: Smartphone | AJ29: aa588d67cccf4d2bb8f808dd4fdad167
A30: 29 | B30: Femme | C30: 18-24 ans | D30: Étudiant(e) | F30: Maison | H30: 67230 | I30: 67 | J30: Proche du centre | K30: Non | L30: Contraintes budgétaires;Réduire l'accumulation d'objets | N30: Non , je souhaite uniquement emprunter | P30: Non, jamais | R30: 20 | T30: Disponibilité des objets;Facilité de réservation et d'emprunt;Prix abordable | V30: Je ne souhaite pas être tenu(e) informé | Z30: JHUG-SRHH | AA30: 05/05/2025 11:51:46 | AC30: 05/05/2025 11:54:11 | AD30: 145.02114 | AE30: FR | AF30: Terminé | AH30: direct | AI30: Smartphone | AJ30: aa588d67cccf4d2bb8f808dd4fdad167
A31: 30 | B31: Femme | C31: 18-24 ans | D31: Étudiant(e) | F31: Maison | H31: 25200 | I31: 25 | J31: Centre | K31: Non | L31: Réduire l'accumulation d'objets | N31: Non , je souhaite uniquement emprunter | P31: Non, jamais | R31: 20 | T31: Disponibilité des objets | V31: Je ne souhaite pas être tenu(e) informé | Z31: H2TL-TR2D | AA31: 05/05/2025 11:53:41 | AC31: 05/05/2025 11:55:24 | AD31: 103.16498 | AE31: FR | AF31: Terminé | AH31: direct | AI31: Smartphone | AJ31: aa588d67cccf4d2bb8f808dd4fdad167
A32: 31 | B32: Femme | C32: 18-24 ans | D32: Étudiant(e) | F32: Maison | H32: 70400 | I32: 70 | J32: Proche du centre | K32: Oui | L32: Manque d'espace de stockage;Contraintes budgétaires;Réduire l'accumulation d'objets;Éviter les frais d'entretien | N32: Oui , sans condition particulière | P32: Non, jamais | Q32: Non, je ne souhaiterai pas payer de cotisation | R32: 10€ | T32: Disponibilité des objets;Facilité de réservation et d'emprunt;Prix abordable;Support et explications d'utilisation | V32: Je ne souhaite pas être tenu(e) informé | Z32: 2CSW-KSPA | AA32: 05/05/2025 12:42:25 | AC32: 05/05/2025 12:47:27 | AD32: 301.30643 | AE32: FR | AF32: Terminé | AH32: direct | AI32: Smartphone | AJ32: aa588d67cccf4d2bb8f808dd4fdad167
A33: 32 | B33: Femme | C33: 18-24 ans | D33: Étudiant(e) | F33: Appartement | H33: 25200 | I33: 25 | J33: Proche du centre | K33: Peut-être | L33: Réduire l'accumulation d'objets | N33: Non , je souhaite uniquement emprunter | P33: Oui, occasionnellement | R33: 15€ | T33: Disponibilité des objets;Facilité de réservation et d'emprunt | V33: Je ne souhaite pas être tenu(e) informé | Z33: TVYR-R5WY | AA33: 05/05/2025 13:02:56 | AC33: 05/05/2025 13:05:26 | AD33: 149.74608 | AE33: FR | AF33: Terminé | AH33: direct | AI33: PC | AJ33: aa588d67cccf4d2bb8f808dd4fdad167
A34: 33 | B34: Homme | C34: 18-24 ans | D34: Étudiant(e) | F34: Appartement | H34: 90000 | I34: 90 | J34: Proche du centre | K34: Oui | L34: Contraintes budgétaires | N34: Non , je souhaite uniquement emprunter | P34: Non, jamais | Q34: Non, je ne souhaiterai pas payer de cotisation | R34: 20 | T34: Disponibilité des objets;Facilité de réservation et d'emprunt;Prix abordable;Durée de prêt flexible;Support et explications d'utilisation | V34: Je souhaite être informé(e) des prochaines étapes | W34: LAUGEL Maceo | X34: maceo.laugel@gmail.com | Y34: 06 76 37 19 37 | Z34: KNPF-HXBU | AA34: 05/05/2025 13:22:26 | AC34: 05/05/2025 13:31:13 | AD34: 526.45138 | AE34: FR | AF34: Terminé | AH34: direct | AI34: PC | AJ34: aa588d67cccf4d2bb8f808dd4fdad167
A35: 34 | B35: Femme | C35: 18-24 ans | D35: Étudiant(e) | F35: Maison | H35: 25400 | I35: 25 | J35: Proche du centre | K35: Peut-être | L35: Contraintes budgétaires;Réduire l'accumulation d'objets;Éviter les frais d'entretien | N35: Non , je souhaite uniquement emprunter | P35: Oui, occasionnellement | R35: 10€ | T35: Disponibilité des objets;Facilité de réservation et d'emprunt;Prix abordable | V35: Je ne souhaite pas être tenu(e) informé | Z35: NV9R-FMN2 | AA35: 05/05/2025 16:25:17 | AC35: 05/05/2025 16:27:11 | AD35: 114.06021 | AE35: FR | AF35: Terminé | AH35: direct | AI35: PC | AJ35: aa588d67cccf4d2bb8f808dd4fdad167
A36: 35 | B36: Homme | C36: 18-24 ans | D36: Étudiant(e) | F36: Maison | H36: 25230 | I36: 25 | J36: Zone rurale | K36: Peut-être | L36: Contraintes budgétaires;Réduire l'accumulation d'objets | N36: Oui , avec certaines conditions | O36: Matériel médical | P36: Oui, occasionnellement | Q36: Non, je ne souhaiterai pas payer de cotisation | R36: 10€ | T36: Disponibilité des objets;Facilité de réservation et d'emprunt;Prix abordable;Durée de prêt flexible | V36: Je ne souhaite pas être tenu(e) informé | Z36: YLVD-BDNT | AA36: 06/05/2025 08:20:44 | AC36: 06/05/2025 08:22:53 | AD36: 129.65659 | AE36: FR | AF36: Terminé | AH36: direct | AI36: PC | AJ36: aa588d67cccf4d2bb8f808dd4fdad167
A37: 36 | B37: Homme | C37: 18-24 ans | D37: Étudiant(e) | F37: Maison | H37: 68 | I37: 68 | J37: Centre | K37: Non | L37: Contraintes budgétaires | N37: Non , je souhaite uniquement emprunter | P37: Non, jamais | R37: 5€ | T37: Autre : | V37: Je ne souhaite pas être tenu(e) informé | Z37: K9LW-QQZW | AA37: 06/05/2025 08:22:31 | AC37: 06/05/2025 08:23:43 | AD37: 72.632957 | AE37: FR | AF37: Terminé | AH37: direct | AI37: PC | AJ37: aa588d67cccf4d2bb8f808dd4fdad167
A38: 37 | B38: Femme | C38: 18-24 ans | D38: Étudiant(e) | F38: Appartement | H38: 9000 | I38: 90 | J38: Centre | K38: Non | L38: Éviter les frais d'entretien | N38: Non , je souhaite uniquement emprunter | P38: Non, jamais | R38: Autre : | T38: Prix abordable;Durée de prêt flexible | V38: Je ne souhaite pas être tenu(e) informé | Z38: 2DMX-UNQ8 | AA38: 07/05/2025 14:18:05 | AC38: 07/05/2025 14:21:39 | AD38: 214.03221 | AE38: FR | AF38: Terminé | AH38: direct | AI38: PC | AJ38: aa588d67cccf4d2bb8f808dd4fdad167
A39: 38 | B39: Femme | C39: 18-24 ans | D39: Étudiant(e) | F39: Maison | H39: 25200 | I39: 25 | J39: Proche du centre | K39: Non | L39: Réduire l'accumulation d'objets | N39: Non , je souhaite uniquement emprunter | P39: Non, jamais | R39: 15€ | T39: Prix abordable | V39: Je ne souhaite pas être tenu(e) informé | Z39: WAAY-FHSS | AA39: 07/05/2025 17:27:55 | AC39: 07/05/2025 17:30:41 | AD39: 165.78954 | AE39: FR | AF39: Terminé | AH39: direct | AI39: Smartphone | AJ39: aa588d67cccf4d2bb8f808dd4fdad167
A40: 39 | B40: Femme | C40: 18-24 ans | D40: Étudiant(e) | F40: Maison | H40: 90000 | I40: 90 | J40: Périphérie | K40: Oui | L40: Manque d'espace de stockage | N40: Non , je souhaite uniquement emprunter | P40: Non, jamais | Q40: Non, je ne souhaiterai pas payer de cotisation | R40: 5€ | T40: Durée de prêt flexible | V40: Je ne souhaite pas être tenu(e) informé | Z40: J4UW-VUN3 | AA40: 08/05/2025 14:08:00 | AC40: 08/05/2025 14:13:35 | AD40: 335.01985 | AE40: FR | AF40: Terminé | AH40: direct | AI40: PC | AJ40: aa588d67cccf4d2bb8f808dd4fdad167
A41: 40 | B41: Femme | C41: 45-54 ans | D41: En activité professionnelle | F41: Appartement | H41: 25000 | I41: 25 | J41: Centre | K41: Oui | L41: Préoccupations environnementales;Réduire l'accumulation d'objets | N41: Oui , sans condition particulière | P41: Non, jamais | Q41: Non, je ne souhaiterai pas payer de cotisation | R41: 10€ | T41: Prix abordable;Support et explications d'utilisation | V41: Je souhaite être informé(e) des prochaines étapes | W41: jacquin carine | X41: carine.jacquin@yahoo.fr | Z41: 76GU-S2VJ | AA41: 08/05/2025 20:06:01 | AC41: 08/05/2025 20:39:10 | AD41: 1988.7367 | AE41: FR | AF41: Terminé | AH41: direct | AI41: PC | AJ41: aa588d67cccf4d2bb8f808dd4fdad167
A42: 41 | B42: Femme | C42: 45-54 ans | D42: En activité professionnelle | F42: Maison | H42: 25000 | I42: 25 | J42: Proche du centre | K42: Oui | L42: Préoccupations environnementales;Envie de partager des compétences;Réduire l'accumulation d'objets | N42: Non , je souhaite uniquement emprunter | P42: Non, jamais | Q42: Non, je ne souhaiterai pas payer de cotisation | R42: 10€ | T42: Facilité de réservation et d'emprunt;Prix abordable;Support et explications d'utilisation | V42: Je souhaite être informé(e) des prochaines étapes | W42: BELUCHE Emeline | X42: emeline.b@zaclys.net | Z42: XEDV-MNUH | AA42: 09/05/2025 20:49:40 | AC42: 09/05/2025 20:53:24 | AD42: 223.71852 | AE42: FR | AF42: Terminé | AH42: direct | AI42: PC | AJ42: aa588d67cccf4d2bb8f808dd4fdad167
A43: 42 | B43: Homme | C43: 35-44 ans | D43: En activité professionnelle | F43: Appartement | H43: 25000 | I43: 25 | J43: Proche du centre | K43: Peut-être | L43: Manque d'espace de stockage;Préoccupations environnementales;Réduire l'accumulation d'objets | N43: Oui , avec certaines conditions | O43: Bricolage | P43: Non, jamais | Q43: Non, je ne souhaiterai pas payer de cotisation | R43: 10€ | T43: Disponibilité des objets;Facilité de réservation et d'emprunt;Prix abordable | V43: Je ne souhaite pas être tenu(e) informé | Z43: TQS3-4JED | AA43: 11/05/2025 16:29:02 | AC43: 11/05/2025 16:31:58 | AD43: 176.19824 | AE43: FR | AF43: Terminé | AH43: direct | AI43: PC | AJ43: aa588d67cccf4d2bb8f808dd4fdad167
A44: 43 | B44: Homme | C44: 18-24 ans | D44: Étudiant(e) | F44: Appartement | H44: 25200 | I44: 25 | J44: Périphérie | K44: Non | L44: Manque d'espace de stockage;Contraintes budgétaires;Éviter les frais d'entretien | N44: Non , je souhaite uniquement emprunter | P44: Oui, occasionnellement | Q44: Non, je ne souhaiterai pas payer de cotisation | R44: 5€ | T44: Disponibilité des objets;Facilité de réservation et d'emprunt;Prix abordable | V44: Je ne souhaite pas être tenu(e) informé | Z44: AZ4X-8332 | AA44: 15/05/2025 16:14:23 | AC44: 15/05/2025 16:16:08 | AD44: 105.13559 | AE44: FR | AF44: Terminé | AH44: direct | AI44: Smartphone | AJ44: aa588d67cccf4d2bb8f808dd4fdad167
A45: 44 | B45: Femme | C45: 65 ans et plus | D45: Retraité(e) | F45: Maison | H45: 25870 | I45: 25 | J45: Zone rurale | K45: Peut-être | L45: Contraintes budgétaires;Envie de partager des compétences;Éviter les frais d'entretien | N45: Non , je souhaite uniquement emprunter | P45: Oui, occasionnellement | Q45: Non, je ne souhaiterai pas payer de cotisation | R45: 5€ | T45: Disponibilité des objets;Prix abordable;Support et explications d'utilisation | V45: Je souhaite être informé(e) des prochaines étapes | W45: josette Lenfant | X45: josettelenfant@yahoo.fr | Z45: QURA-2F26 | AA45: 18/05/2025 21:45:31 | AC45: 18/05/2025 21:51:19 | AD45: 348.30211 | AE45: FR | AF45: Terminé | AH45: direct | AI45: PC | AJ45: aa588d67cccf4d2bb8f808dd4fdad167
A46: 45 | B46: Femme | C46: 45-54 ans | D46: En activité professionnelle | F46: Maison | H46: 25550 | I46: 25 | J46: Périphérie | K46: Oui | L46: Préoccupations environnementales;Réduire l'accumulation d'objets | N46: Non , je souhaite uniquement emprunter | P46: Non, jamais | Q46: Oui, entre 10€ et 20€ | R46: 20 | T46: Disponibilité des objets;Facilité de réservation et d'emprunt;Durée de prêt flexible | V46: Je ne souhaite pas être tenu(e) informé | Z46: JWP8-X8DE | AA46: 20/05/2025 15:17:24 | AC46: 20/05/2025 15:19:40 | AD46: 135.31277 | AE46: FR | AF46: Terminé | AH46: direct | AI46: PC | AJ46: aa588d67cccf4d2bb8f808dd4fdad167
A47: 46 | B47: Femme | C47: 18-24 ans | D47: Étudiant(e) | F47: Maison | H47: 25400 | I47: 25 | J47: Proche du centre | K47: Oui | L47: Manque d'espace de stockage;Contraintes budgétaires;Réduire l'accumulation d'objets | N47: Oui , avec certaines conditions | O47: Ménage | P47: Non, jamais | Q47: Oui, entre 1€ et 10€ | R47: 5€ | T47: Prix abordable;Durée de prêt flexible | V47: Je souhaite être informé(e) des prochaines étapes | W47: CEBRE Safiya | X47: safiya.cebre@gmail.com | Z47: ECRD-25BJ | AA47: 20/05/2025 15:21:46 | AC47: 20/05/2025 15:23:39 | AD47: 113.68435 | AE47: FR | AF47: Terminé | AH47: direct | AI47: PC | AJ47: aa588d67cccf4d2bb8f808dd4fdad167
A48: 47 | B48: Femme | C48: 55-64 ans | D48: En activité professionnelle | F48: Maison | H48: 90850 | I48: 90 | J48: Proche du centre | K48: Oui | L48: Préoccupations environnementales;Réduire l'accumulation d'objets;Éviter les frais d'entretien | N48: Oui , avec certaines conditions | O48: Jardinage | P48: Non, jamais | Q48: Non, je ne souhaiterai pas payer de cotisation | R48: 10€ | T48: Disponibilité des objets;Facilité de réservation et d'emprunt;Prix abordable;Durée de prêt flexible;Support et explications d'utilisation | V48: Je souhaite être informé(e) des prochaines étapes | W48: Gaber Anne-Christine | X48: anne-christine.gaber@univ-fcomte.fr | Z48: DPB4-RZUF | AA48: 20/05/2025 15:27:54 | AC48: 20/05/2025 15:30:10 | AD48: 136.34149 | AE48: FR | AF48: Terminé | AH48: direct | AI48: PC | AJ48: aa588d67cccf4d2bb8f808dd4fdad167
A49: 48 | B49: Femme | C49: 18-24 ans | D49: Étudiant(e) | F49: Maison | H49: 70400 | I49: 70 | J49: Proche du centre | K49: Oui | L49: Manque d'espace de stockage;Contraintes budgétaires | N49: Oui , avec certaines conditions | O49: Ménage | P49: Non, jamais | Q49: Oui, entre 1€ et 10€ | R49: 10€ | T49: Disponibilité des objets;Prix abordable | V49: Je souhaite être informé(e) des prochaines étapes | Z49: XRFB-SE5P | AA49: 20/05/2025 15:30:40 | AC49: 20/05/2025 15:33:50 | AD49: 190.88094 | AE49: FR | AF49: Terminé | AH49: direct | AI49: PC | AJ49: aa588d67cccf4d2bb8f808dd4fdad167
A50: 49 | B50: Femme | C50: 35-44 ans | D50: En activité professionnelle | F50: Maison | H50: 90700 | I50: 90 | J50: Zone rurale | K50: Non | L50: Contraintes budgétaires;Préoccupations environnementales;Réduire l'accumulation d'objets | N50: Oui , avec certaines conditions | O50: Jardinage | P50: Non, jamais | Q50: Oui, entre 10€ et 20€ | R50: 15€ | T50: Disponibilité des objets;Facilité de réservation et d'emprunt;Prix abordable | V50: Je ne souhaite pas être tenu(e) informé | Z50: Q6M8-55GB | AA50: 20/05/2025 15:37:39 | AC50: 20/05/2025 15:40:53 | AD50: 194.75645 | AE50: FR | AF50: Terminé | AH50: direct | AI50: Smartphone | AJ50: aa588d67cccf4d2bb8f808dd4fdad167
A51: 50 | B51: Femme | C51: 18-24 ans | D51: Étudiant(e) | F51: Maison | H51: 70400 | I51: 70 | J51: Zone rurale | K51: Peut-être | L51: Réduire l'accumulation d'objets | N51: Oui , avec certaines conditions | O51: Multimédia | P51: Non, jamais | Q51: Oui, entre 1€ et 10€ | R51: 15€ | T51: Disponibilité des objets;Facilité de réservation et d'emprunt;Prix abordable;Durée de prêt flexible;Support et explications d'utilisation | V51: Je ne souhaite pas être tenu(e) informé | Z51: S8TH-899T | AA51: 20/05/2025 15:52:09 | AC51: 20/05/2025 15:57:21 | AD51: 312.52009 | AE51: FR | AF51: Terminé | AH51: direct | AI51: PC | AJ51: aa588d67cccf4d2bb8f808dd4fdad167
A52: 51 | B52: Homme | C52: 18-24 ans | D52: Étudiant(e) | F52: Appartement | H52: 90000 | I52: 90 | J52: Proche du centre | K52: Oui | L52: Contraintes budgétaires;Préoccupations environnementales;Réduire l'accumulation d'objets;Autre : | M52: Apprendre de nouvelles choses que je ne ferais pas habituellement hors structure ou cadre. | N52: Oui , avec certaines conditions | O52: Bricolage | P52: Oui, occasionnellement | Q52: Oui, entre 1€ et 10€ | R52: 20 | T52: Disponibilité des objets;Prix abordable;Durée de prêt flexible;Support et explications d'utilisation;Autre : | U52: Le consentement éclairé des deux parties, et éventuellement l'amabilité de celui qui prête ou de celui qui opère la transaction. | V52: Je souhaite être informé(e) des prochaines étapes | W52: Dirand William | X52: dirandwilliam@gmail.com | Z52: 3DQJ-7SVN | AA52: 20/05/2025 16:08:44 | AC52: 20/05/2025 16:16:15 | AD52: 451.07721 | AE52: FR | AF52: Terminé | AH52: direct | AI52: Smartphone | AJ52: aa588d67cccf4d2bb8f808dd4fdad167
A53: 52 | B53: Homme | C53: 18-24 ans | D53: Étudiant(e) | F53: Maison | H53: 68700 | I53: 68 | J53: Zone rurale | K53: Peut-être | L53: Envie de partager des compétences;Réduire l'accumulation d'objets | N53: Oui , sans condition particulière | O53: Evènements & fêtes | P53: Oui, occasionnellement | Q53: Oui, entre 1€ et 10€ | R53: 10€ | T53: Disponibilité des objets;Facilité de réservation et d'emprunt;Prix abordable | V53: Je ne souhaite pas être tenu(e) informé | Z53: GWDZ-CCXC | AA53: 20/05/2025 16:45:50 | AC53: 20/05/2025 16:47:55 | AD53: 124.19262 | AE53: FR | AF53: Terminé | AH53: direct | AI53: PC | AJ53: aa588d67cccf4d2bb8f808dd4fdad167
A54: 53 | B54: Femme | C54: 25-34 ans | D54: En activité professionnelle | F54: Appartement | H54: 25000 | I54: 25 | J54: Proche du centre | K54: Oui | L54: Manque d'espace de stockage;Contraintes budgétaires;Préoccupations environnementales;Réduire l'accumulation d'objets | N54: Non , je souhaite uniquement emprunter | P54: Non, jamais | Q54: Oui, entre 1€ et 10€ | R54: 15€ | T54: Disponibilité des objets;Facilité de réservation et d'emprunt;Prix abordable | V54: Je ne souhaite pas être tenu(e) informé | Z54: SE2F-JB4Y | AA54: 20/05/2025 16:57:01 | AC54: 20/05/2025 16:58:10 | AD54: 68.403637 | AE54: FR | AF54: Terminé | AH54: direct | AI54: PC | AJ54: aa588d67cccf4d2bb8f808dd4fdad167
A55: 54 | B55: Femme | C55: 18-24 ans | D55: Étudiant(e) | F55: Appartement | H55: 70400 | I55: 70 | J55: Proche du centre | K55: Non | L55: Manque d'espace de stockage;Réduire l'accumulation d'objets | N55: Non , je souhaite uniquement emprunter | P55: Non, jamais | Q55: Non, je ne souhaiterai pas payer de cotisation | R55: 20 | T55: Disponibilité des objets;Prix abordable;Durée de prêt flexible | V55: Je ne souhaite pas être tenu(e) informé | Z55: 3ZEU-MC9S | AA55: 20/05/2025 17:14:41 | AC55: 20/05/2025 17:16:11 | AD55: 89.985704 | AE55: FR | AF55: Terminé | AH55: direct | AI55: PC | AJ55: aa588d67cccf4d2bb8f808dd4fdad167
A56: 55 | B56: Homme | C56: 18-24 ans | D56: Autre | E56: Alternant | F56: Maison | H56: 90300 | I56: 90 | J56: Proche du centre | K56: Peut-être | L56: Manque d'espace de stockage;Envie de partager des compétences;Réduire l'accumulation d'objets | N56: Oui , avec certaines conditions | O56: Bricolage | P56: Oui, occasionnellement | Q56: Oui, entre 1€ et 10€ | R56: 15€ | T56: Facilité de réservation et d'emprunt;Prix abordable;Durée de prêt flexible;Support et explications d'utilisation | V56: Je souhaite être informé(e) des prochaines étapes | W56: KOSE IBRAHIM | X56: emirhan5890@icloud.com | Y56: 0768275425 | Z56: GTBJ-WXCN | AA56: 20/05/2025 17:18:55 | AC56: 20/05/2025 17:20:56 | AD56: 120.81383 | AE56: FR | AF56: Terminé | AH56: direct | AI56: PC | AJ56: aa588d67cccf4d2bb8f808dd4fdad167
A57: 56 | B57: Femme | C57: 18-24 ans | D57: Étudiant(e) | F57: Appartement | H57: 90000 | I57: 90 | J57: Proche du centre | K57: Oui | L57: Réduire l'accumulation d'objets | N57: Non , je souhaite uniquement emprunter | P57: Non, jamais | Q57: Non, je ne souhaiterai pas payer de cotisation | R57: 20 | T57: Disponibilité des objets;Prix abordable | V57: Je ne souhaite pas être tenu(e) informé | Z57: 2SGF-MYFA | AA57: 20/05/2025 17:37:18 | AC57: 20/05/2025 17:38:14 | AD57: 55.722517 | AE57: FR | AF57: Terminé | AH57: direct | AI57: Smartphone | AJ57: aa588d67cccf4d2bb8f808dd4fdad167
A58: 57 | B58: Femme | C58: 18-24 ans | D58: Étudiant(e) | F58: Maison | H58: 25350 | I58: 25 | J58: Proche du centre | K58: Non | L58: Contraintes budgétaires;Réduire l'accumulation d'objets | N58: Non , je souhaite uniquement emprunter | P58: Non, jamais | Q58: Oui, entre 1€ et 10€ | R58: 10€ | T58: Facilité de réservation et d'emprunt;Prix abordable;Durée de prêt flexible | V58: Je ne souhaite pas être tenu(e) informé | Z58: 52MY-BJJ9 | AA58: 20/05/2025 19:13:06 | AC58: 20/05/2025 19:14:50 | AD58: 104.8021 | AE58: FR | AF58: Terminé | AH58: direct | AI58: Smartphone | AJ58: aa588d67cccf4d2bb8f808dd4fdad167
A59: 58 | B59: Femme | C59: 18-24 ans | D59: Étudiant(e) | F59: Maison | H59: 70000 | I59: 70 | J59: Périphérie | K59: Oui | L59: Contraintes budgétaires | N59: Oui , avec certaines conditions | O59: Jeux extérieurs | P59: Non, jamais | Q59: Oui, entre 1€ et 10€ | R59: 15€ | T59: Facilité de réservation et d'emprunt;Prix abordable | V59: Je ne souhaite pas être tenu(e) informé | Z59: TFUX-2AE6 | AA59: 20/05/2025 20:24:03 | AC59: 20/05/2025 20:25:50 | AD59: 107.0855 | AE59: FR | AF59: Terminé | AH59: direct | AI59: PC | AJ59: aa588d67cccf4d2bb8f808dd4fdad167
A60: 59 | B60: Femme | C60: 18-24 ans | D60: Étudiant(e) | F60: Maison | H60: 90120 | I60: 90 | J60: Proche du centre | K60: Peut-être | L60: Contraintes budgétaires | N60: Non , je souhaite uniquement emprunter | P60: Non, jamais | Q60: Oui, entre 1€ et 10€ | R60: 10€ | T60: Disponibilité des objets;Facilité de réservation et d'emprunt;Prix abordable;Durée de prêt flexible;Support et explications d'utilisation | V60: Je ne souhaite pas être tenu(e) informé | Z60: YYNY-6U95 | AA60: 20/05/2025 22:39:00 | AC60: 20/05/2025 22:40:35 | AD60: 95.143126 | AE60: FR | AF60: Terminé | AH60: direct | AI60: PC | AJ60: aa588d67cccf4d2bb8f808dd4fdad167
A61: 60 | B61: Homme | C61: 18-24 ans | D61: Étudiant(e) | F61: Maison | H61: 68100 | I61: 68 | J61: Proche du centre | K61: Non | L61: Autre : | N61: Oui , avec certaines conditions | O61: Jeux extérieurs | P61: Oui, occasionnellement | Q61: Oui, entre 1€ et 10€ | R61: 15€ | T61: Disponibilité des objets;Facilité de réservation et d'emprunt;Prix abordable | V61: Je ne souhaite pas être tenu(e) informé | Z61: 6MHK-RAJL | AA61: 20/05/2025 23:16:43 | AC61: 20/05/2025 23:17:48 | AD61: 64.789701 | AE61: FR | AF61: Terminé | AH61: direct | AI61: Smartphone | AJ61: aa588d67cccf4d2bb8f808dd4fdad167
A62: 61 | B62: Femme | C62: 55-64 ans | D62: En activité professionnelle | F62: Maison | H62: 70400 | I62: 70 | J62: Zone rurale | K62: Non | L62: Contraintes budgétaires;Préoccupations environnementales;Envie de partager des compétences;Réduire l'accumulation d'objets;Éviter les frais d'entretien | N62: Non , je souhaite uniquement emprunter | P62: Non, jamais | Q62: Oui, entre 10€ et 20€ | R62: 20 | T62: Disponibilité des objets;Prix abordable;Support et explications d'utilisation | V62: Je ne souhaite pas être tenu(e) informé | Z62: 4ZL5-EK4J | AA62: 21/05/2025 07:43:01 | AC62: 21/05/2025 07:46:18 | AD62: 196.58919 | AE62: FR | AF62: Terminé | AH62: direct | AI62: PC | AJ62: aa588d67cccf4d2bb8f808dd4fdad167
A63: 62 | B63: Homme | C63: 25-34 ans | D63: En activité professionnelle | F63: Appartement | H63: 90000 | I63: 90 | J63: Proche du centre | K63: Non | L63: Contraintes budgétaires;Réduire l'accumulation d'objets;Éviter les frais d'entretien | N63: Oui , avec certaines conditions | O63: Evènements & fêtes | P63: Non, jamais | Q63: Oui, entre 1€ et 10€ | R63: 20 | T63: Disponibilité des objets;Facilité de réservation et d'emprunt;Support et explications d'utilisation | V63: Je ne souhaite pas être tenu(e) informé | Z63: EUZT-F7HY | AA63: 21/05/2025 07:59:59 | AC63: 21/05/2025 08:02:31 | AD63: 151.88259 | AE63: FR | AF63: Terminé | AH63: direct | AI63: PC | AJ63: aa588d67cccf4d2bb8f808dd4fdad167
A64: 63 | B64: Femme | C64: 18-24 ans | D64: Étudiant(e) | F64: Maison | H64: 68 | I64: 68 | J64: Zone rurale | K64: Non | L64: Contraintes budgétaires;Réduire l'accumulation d'objets;Éviter les frais d'entretien | N64: Non , je souhaite uniquement emprunter | P64: Non, jamais | Q64: Non, je ne souhaiterai pas payer de cotisation | R64: 20 | T64: Disponibilité des objets;Facilité de réservation et d'emprunt;Prix abordable;Durée de prêt flexible | V64: Je ne souhaite pas être tenu(e) informé | Z64: LV9D-E7B6 | AA64: 21/05/2025 08:14:45 | AC64: 21/05/2025 08:16:44 | AD64: 119.14067 | AE64: FR | AF64: Terminé | AH64: direct | AI64: PC | AJ64: aa588d67cccf4d2bb8f808dd4fdad167
A65: 64 | B65: Femme | C65: 18-24 ans | D65: Étudiant(e) | F65: Maison | H65: 90000 | I65: 90 | J65: Zone rurale | K65: Peut-être | L65: Contraintes budgétaires;Préoccupations environnementales;Réduire l'accumulation d'objets | N65: Non , je souhaite uniquement emprunter | P65: Non, jamais | Q65: Non, je ne souhaiterai pas payer de cotisation | R65: 15€ | T65: Facilité de réservation et d'emprunt;Prix abordable;Durée de prêt flexible | V65: Je ne souhaite pas être tenu(e) informé | Z65: RDRN-WNSZ | AA65: 21/05/2025 08:28:21 | AC65: 21/05/2025 08:29:50 | AD65: 89.143064 | AE65: FR | AF65: Terminé | AH65: direct | AI65: PC | AJ65: aa588d67cccf4d2bb8f808dd4fdad167
A66: 65 | B66: Femme | C66: 18-24 ans | D66: Étudiant(e) | F66: Appartement | H66: 90400 | I66: 90 | J66: Proche du centre | K66: Oui | L66: Contraintes budgétaires;Réduire l'accumulation d'objets | N66: Non , je souhaite uniquement emprunter | P66: Non, jamais | Q66: Non, je ne souhaiterai pas payer de cotisation | R66: 10€ | T66: Facilité de réservation et d'emprunt;Durée de prêt flexible | V66: Je ne souhaite pas être tenu(e) informé | Z66: BVZE-ARYX | AA66: 21/05/2025 09:15:23 | AC66: 21/05/2025 09:17:06 | AD66: 103.03923 | AE66: FR | AF66: Terminé | AH66: direct | AI66: Smartphone | AJ66: aa588d67cccf4d2bb8f808dd4fdad167
A67: 66 | B67: Homme | C67: 18-24 ans | D67: Étudiant(e) | F67: Appartement | H67: 90000 | I67: 90 | J67: Proche du centre | K67: Non | L67: Manque d'espace de stockage | N67: Non , je souhaite uniquement emprunter | P67: Non, jamais | Q67: Non, je ne souhaiterai pas payer de cotisation | R67: 5€ | T67: Disponibilité des objets | V67: Je ne souhaite pas être tenu(e) informé | Z67: V46D-KMWT | AA67: 21/05/2025 10:17:11 | AC67: 21/05/2025 10:18:50 | AD67: 99.240239 | AE67: FR | AF67: Terminé | AH67: direct | AI67: PC | AJ67: aa588d67cccf4d2bb8f808dd4fdad167
A68: 67 | B68: Femme | C68: 25-34 ans | D68: En activité professionnelle | F68: Appartement | H68: 90000 | I68: 90 | J68: Proche du centre | K68: Oui | L68: Manque d'espace de stockage | N68: Oui , sans condition particulière | O68: Cuisine | P68: Oui, occasionnellement | Q68: Oui, entre 10€ et 20€ | R68: 10€ | T68: Disponibilité des objets;Support et explications d'utilisation | V68: Je souhaite être informé(e) des prochaines étapes | Z68: VJC4-TTZR | AA68: 21/05/2025 11:18:54 | AC68: 21/05/2025 11:20:42 | AD68: 107.56029 | AE68: FR | AF68: Terminé | AH68: direct | AI68: Smartphone | AJ68: aa588d67cccf4d2bb8f808dd4fdad167
A69: 68 | B69: Femme | C69: 18-24 ans | D69: Étudiant(e) | F69: Maison | H69: 25400 | I69: 25 | J69: Proche du centre | K69: Oui | L69: Contraintes budgétaires;Préoccupations environnementales;Réduire l'accumulation d'objets | N69: Oui , avec certaines conditions | O69: Camping / Randonnée | P69: Non, jamais | Q69: Oui, entre 10€ et 20€ | R69: 10€ | T69: Disponibilité des objets;Facilité de réservation et d'emprunt | V69: Je souhaite être informé(e) des prochaines étapes | W69: Polat Lea | X69: leaplt0406@gmail.com | Y69: 06 69 06 37 50 | Z69: RTA2-K46R | AA69: 21/05/2025 15:08:22 | AC69: 21/05/2025 15:10:31 | AD69: 128.94853 | AE69: FR | AF69: Terminé | AH69: direct | AI69: PC | AJ69: aa588d67cccf4d2bb8f808dd4fdad167
A70: 69 | B70: Homme | C70: 18-24 ans | D70: Étudiant(e) | F70: Appartement | H70: 25000 | I70: 25 | J70: Périphérie | K70: Oui | L70: Réduire l'accumulation d'objets | N70: Non , je souhaite uniquement emprunter | P70: Oui, occasionnellement | Q70: Oui, entre 1€ et 10€ | R70: 15€ | T70: Disponibilité des objets;Prix abordable | V70: Je ne souhaite pas être tenu(e) informé | Z70: WLSL-F88D | AA70: 22/05/2025 10:49:28 | AC70: 22/05/2025 10:51:01 | AD70: 93.24216 | AE70: FR | AF70: Terminé | AH70: direct | AI70: Smartphone | AJ70: aa588d67cccf4d2bb8f808dd4fdad167
A71: 70 | B71: Femme | C71: 35-44 ans | D71: En activité professionnelle | F71: Maison | H71: 25000 | I71: 25 | J71: Proche du centre | K71: Oui | L71: Préoccupations environnementales;Envie de partager des compétences;Réduire l'accumulation d'objets | N71: Oui , avec certaines conditions | O71: Jardinage | P71: Non, jamais | Q71: Oui, entre 10€ et 20€ | R71: 10€ | T71: Facilité de réservation et d'emprunt;Prix abordable;Support et explications d'utilisation | V71: Je souhaite être informé(e) des prochaines étapes | W71: galland marie | X71: galland.marie01@gmail.com | Z71: MKSC-2B7E | AA71: 22/05/2025 20:01:00 | AC71: 22/05/2025 20:04:47 | AD71: 227.58012 | AE71: FR | AF71: Terminé | AH71: direct | AI71: Smartphone | AJ71: aa588d67cccf4d2bb8f808dd4fdad167
A72: 71 | B72: Homme | C72: 35-44 ans | D72: En activité professionnelle | F72: Appartement | H72: 25000 | I72: 25 | J72: Hyper-centre | K72: Oui | L72: Préoccupations environnementales;Réduire l'accumulation d'objets | N72: Non , je souhaite uniquement emprunter | P72: Non, jamais | Q72: Oui, entre 10€ et 20€ | R72: 10€ | T72: Facilité de réservation et d'emprunt;Support et explications d'utilisation | V72: Je ne souhaite pas être tenu(e) informé | Z72: KH57-QJGA | AA72: 22/05/2025 20:27:07 | AC72: 22/05/2025 20:29:25 | AD72: 138.4895 | AE72: FR | AF72: Terminé | AH72: direct | AI72: Smartphone | AJ72: aa588d67cccf4d2bb8f808dd4fdad167
A73: 72 | B73: Femme | C73: 18-24 ans | D73: Étudiant(e) | F73: Autre : | G73: maison mais c'est pour prevenir qu'on peut mettre qu'un seul type d'objet qu'on est pret a partager | H73: 25000 | I73: 25 | J73: Périphérie | K73: Oui | L73: Contraintes budgétaires;Préoccupations environnementales;Réduire l'accumulation d'objets | N73: Oui , avec certaines conditions | O73: Bagagerie | P73: Oui, occasionnellement | Q73: Oui, entre 1€ et 10€ | R73: 15€ | T73: Disponibilité des objets;Facilité de réservation et d'emprunt;Prix abordable | V73: Je ne souhaite pas être tenu(e) informé | Z73: 22D8-NBA8 | AA73: 22/05/2025 20:57:14 | AC73: 22/05/2025 21:01:02 | AD73: 228.29671 | AE73: FR | AF73: Terminé | AH73: direct | AI73: Tablette | AJ73: aa588d67cccf4d2bb8f808dd4fdad167
A74: 73 | B74: Homme | C74: 18-24 ans | D74: Étudiant(e) | F74: Autre : | G74: Pavillon | H74: 90300 | I74: 90 | J74: Proche du centre | K74: Oui | L74: Réduire l'accumulation d'objets;Éviter les frais d'entretien | N74: Oui , avec certaines conditions | O74: Matériel sportif | P74: Non, jamais | Q74: Oui, entre 1€ et 10€ | R74: 20 | T74: Facilité de réservation et d'emprunt;Prix abordable;Durée de prêt flexible;Support et explications d'utilisation | V74: Je souhaite être informé(e) des prochaines étapes | W74: KACIMI Amir | X74: amirkdz@outlook.fr | Z74: 2NAD-7U97 | AA74: 22/05/2025 21:28:43 | AC74: 22/05/2025 21:31:39 | AD74: 176.79977 | AE74: FR | AF74: Terminé | AH74: direct | AI74: Smartphone | AJ74: aa588d67cccf4d2bb8f808dd4fdad167
A75: 74 | B75: Femme | C75: 35-44 ans | D75: En activité professionnelle | F75: Autre : | H75: colocation (maison) | J75: Proche du centre | K75: Oui | L75: Manque d'espace de stockage;Contraintes budgétaires;Préoccupations environnementales;Envie de partager des compétences;Réduire l'accumulation d'objets;Éviter les frais d'entretien | N75: Oui , avec certaines conditions | O75: Camping / Randonnée | P75: Non, jamais | Q75: Oui, entre 20€ et 30€ | R75: 15€ | T75: Disponibilité des objets;Facilité de réservation et d'emprunt;Support et explications d'utilisation | V75: Je souhaite être informé(e) des prochaines étapes | W75: Courgey Juliette | X75: juliette.courgette@hotmail.fr | Z75: DM3M-GCEL | AA75: 22/05/2025 22:27:44 | AC75: 22/05/2025 22:31:39 | AD75: 235.21526 | AE75: FR | AF75: Terminé | AH75: direct | AI75: Smartphone | AJ75: aa588d67cccf4d2bb8f808dd4fdad167
A76: 75 | B76: Homme | C76: 25-34 ans | D76: Demandeur / Demandeuse d'emploi | F76: Autre : | H76: 25000 | I76: 25 | J76: Zone rurale | K76: Oui | L76: Préoccupations environnementales;Réduire l'accumulation d'objets | N76: Oui , sans condition particulière | O76: Bricolage | P76: Oui, occasionnellement | Q76: Oui, entre 10€ et 20€ | R76: 10€ | T76: Disponibilité des objets;Prix abordable | V76: Je ne souhaite pas être tenu(e) informé | Z76: 4CV5-F9XS | AA76: 22/05/2025 22:35:57 | AC76: 22/05/2025 22:38:40 | AD76: 162.80876 | AE76: FR | AF76: Terminé | AH76: direct | AI76: Smartphone | AJ76: aa588d67cccf4d2bb8f808dd4fdad167
A77: 76 | B77: Femme | C77: 25-34 ans | D77: En activité professionnelle | F77: Maison | H77: 25440 | I77: 25 | J77: Zone rurale | K77: Peut-être | L77: Préoccupations environnementales;Réduire l'accumulation d'objets;Éviter les frais d'entretien | N77: Oui , avec certaines conditions | O77: Jardinage | P77: Non, jamais | Q77: Oui, entre 1€ et 10€ | R77: 10€ | T77: Facilité de réservation et d'emprunt | V77: Je ne souhaite pas être tenu(e) informé | Z77: VUMM-92C5 | AA77: 22/05/2025 22:50:24 | AC77: 22/05/2025 22:53:32 | AD77: 187.4418 | AE77: FR | AF77: Terminé | AH77: direct | AI77: Smartphone | AJ77: aa588d67cccf4d2bb8f808dd4fdad167
A78: 77 | B78: Femme | C78: 35-44 ans | D78: En activité professionnelle | F78: Appartement | H78: 25000 | I78: 25 | J78: Hyper-centre | K78: Oui | L78: Manque d'espace de stockage;Contraintes budgétaires;Préoccupations environnementales;Réduire l'accumulation d'objets;Éviter les frais d'entretien | N78: Oui , avec certaines conditions | O78: Bricolage | P78: Non, jamais | Q78: Oui, entre 1€ et 10€ | R78: 5€ | T78: Facilité de réservation et d'emprunt;Prix abordable | V78: Je ne souhaite pas être tenu(e) informé | Z78: FZ5B-SFVE | AA78: 22/05/2025 22:51:48 | AC78: 22/05/2025 22:54:16 | AD78: 148.11155 | AE78: FR | AF78: Terminé | AH78: direct | AI78: Smartphone | AJ78: aa588d67cccf4d2bb8f808dd4fdad167
A79: 78 | B79: Femme | C79: 45-54 ans | D79: En activité professionnelle | F79: Appartement | H79: 25000 | I79: 25 | J79: Centre | K79: Oui | L79: Manque d'espace de stockage;Contraintes budgétaires;Envie de partager des compétences;Réduire l'accumulation d'objets | N79: Oui , avec certaines conditions | O79: Animalerie | P79: Oui, occasionnellement | Q79: Oui, entre 1€ et 10€ | R79: 5€ | T79: Disponibilité des objets;Facilité de réservation et d'emprunt;Prix abordable;Durée de prêt flexible;Support et explications d'utilisation | V79: Je souhaite être informé(e) des prochaines étapes | W79: PETITCIRE Alexandra | X79: alexandra.petitcire@gmail.com | Z79: STNZ-28VJ | AA79: 23/05/2025 02:23:14 | AC79: 23/05/2025 02:27:47 | AD79: 272.97032 | AE79: FR | AF79: Terminé | AH79: direct | AI79: Smartphone | AJ79: aa588d67cccf4d2bb8f808dd4fdad167
A80: 79 | B80: Femme | C80: 35-44 ans | D80: En activité professionnelle | F80: Maison | H80: 25660 | I80: 25 | J80: Centre | K80: Peut-être | L80: Manque d'espace de stockage;Contraintes budgétaires;Préoccupations environnementales;Réduire l'accumulation d'objets | N80: Non , je souhaite uniquement emprunter | P80: Oui, occasionnellement | Q80: Oui, entre 1€ et 10€ | R80: 5€ | T80: Disponibilité des objets;Facilité de réservation et d'emprunt;Prix abordable | V80: Je ne souhaite pas être tenu(e) informé | Z80: TNT2-4QAL | AA80: 23/05/2025 03:21:06 | AC80: 23/05/2025 03:24:02 | AD80: 175.90562 | AE80: FR | AF80: Terminé | AH80: direct | AI80: Smartphone | AJ80: aa588d67cccf4d2bb8f808dd4fdad167
A81: 80 | B81: Femme | C81: 25-34 ans | D81: En activité professionnelle | F81: Appartement | H81: 25000 | I81: 25 | J81: Proche du centre | K81: Oui | L81: Manque d'espace de stockage;Contraintes budgétaires;Préoccupations environnementales;Envie de partager des compétences;Réduire l'accumulation d'objets;Éviter les frais d'entretien | N81: Oui , avec certaines conditions | O81: Camping / Randonnée | P81: Non, jamais | Q81: Oui, entre 1€ et 10€ | R81: 10€ | T81: Facilité de réservation et d'emprunt;Prix abordable;Durée de prêt flexible | V81: Je souhaite être informé(e) des prochaines étapes | W81: Agathe MAITREJEAN | X81: amaitrej@gmail.com | Z81: 6VM6-AJTV | AA81: 23/05/2025 06:56:59 | AC81: 23/05/2025 07:04:42 | AD81: 462.52884 | AE81: FR | AF81: Terminé | AH81: direct | AI81: Smartphone | AJ81: aa588d67cccf4d2bb8f808dd4fdad167
A82: 81 | B82: Femme | C82: 25-34 ans | D82: En activité professionnelle | F82: Appartement | H82: 25000 | I82: 25 | J82: Centre | K82: Oui | L82: Manque d'espace de stockage;Contraintes budgétaires;Réduire l'accumulation d'objets | N82: Oui , avec certaines conditions | O82: Bricolage | P82: Oui, occasionnellement | Q82: Oui, entre 10€ et 20€ | R82: 15€ | T82: Facilité de réservation et d'emprunt;Prix abordable;Durée de prêt flexible | V82: Je souhaite être informé(e) des prochaines étapes | W82: Camille Bourdais | X82: camille.bourdais@yahoo.fr | Z82: KAC9-AL5V | AA82: 23/05/2025 07:47:03 | AC82: 23/05/2025 07:49:44 | AD82: 161.61168 | AE82: FR | AF82: Terminé | AH82: direct | AI82: Smartphone | AJ82: aa588d67cccf4d2bb8f808dd4fdad167
A83: 82 | B83: Homme | C83: 35-44 ans | D83: En activité professionnelle | F83: Appartement | H83: 25000 | I83: 25 | J83: Proche du centre | K83: Peut-être | L83: Manque d'espace de stockage;Préoccupations environnementales;Réduire l'accumulation d'objets | N83: Oui , avec certaines conditions | O83: Bricolage | P83: Non, jamais | Q83: Oui, entre 10€ et 20€ | R83: 10€ | T83: Disponibilité des objets;Facilité de réservation et d'emprunt;Prix abordable;Durée de prêt flexible | V83: Je souhaite être informé(e) des prochaines étapes | W83: Fery Loïc | X83: loic_fery@msn.com | Z83: 6QSH-3BVR | AA83: 23/05/2025 08:19:36 | AC83: 23/05/2025 08:22:34 | AD83: 177.99802 | AE83: FR | AF83: Terminé | AH83: direct | AI83: Smartphone | AJ83: aa588d67cccf4d2bb8f808dd4fdad167
A84: 83 | B84: Non-binaire | C84: 25-34 ans | D84: En activité professionnelle | F84: Maison | H84: 25440 | I84: 25 | J84: Zone rurale | K84: Peut-être | L84: Contraintes budgétaires;Préoccupations environnementales;Envie de partager des compétences | N84: Oui , avec certaines conditions | O84: Evènements & fêtes | P84: Non, jamais | Q84: Oui, entre 20€ et 30€ | R84: 10€ | T84: Facilité de réservation et d'emprunt;Prix abordable | V84: Je souhaite être informé(e) des prochaines étapes | W84: delessard juliet | X84: juliette.delessard@gmail.com | Z84: PC5G-FY9Y | AA84: 23/05/2025 08:33:56 | AC84: 23/05/2025 08:36:59 | AD84: 183.20277 | AE84: FR | AF84: Terminé | AH84: direct | AI84: Smartphone | AJ84: aa588d67cccf4d2bb8f808dd4fdad167
A85: 84 | B85: Femme | C85: 35-44 ans | D85: En activité professionnelle | F85: Appartement | H85: 25000 | I85: 25 | J85: Proche du centre | K85: Oui | L85: Manque d'espace de stockage;Contraintes budgétaires;Préoccupations environnementales;Réduire l'accumulation d'objets;Éviter les frais d'entretien | N85: Oui , avec certaines conditions | O85: Camping / Randonnée | P85: Non, jamais | Q85: Oui, entre 10€ et 20€ | R85: 20 | T85: Disponibilité des objets;Facilité de réservation et d'emprunt;Prix abordable;Support et explications d'utilisation | V85: Je souhaite être informé(e) des prochaines étapes | W85: Géraldine Frébault | X85: geraldinefreb@gmail.com | Y85: 0667646208 | Z85: SJAV-28GZ | AA85: 23/05/2025 08:41:03 | AC85: 23/05/2025 08:44:43 | AD85: 220.72768 | AE85: FR | AF85: Terminé | AH85: direct | AI85: Smartphone | AJ85: aa588d67cccf4d2bb8f808dd4fdad167
A86: 85 | B86: Femme | C86: 25-34 ans | D86: En activité professionnelle | F86: Maison | H86: 25000 | I86: 25 | J86: Proche du centre | K86: Oui | L86: Contraintes budgétaires;Réduire l'accumulation d'objets;Éviter les frais d'entretien | N86: Non , je souhaite uniquement emprunter | P86: Non, jamais | Q86: Oui, entre 10€ et 20€ | R86: 10€ | T86: Disponibilité des objets;Facilité de réservation et d'emprunt;Prix abordable;Support et explications d'utilisation | V86: Je souhaite être informé(e) des prochaines étapes | W86: Lucie Heller | X86: lucie.heller1@proton.me | Z86: EK9L-GTD7 | AA86: 23/05/2025 08:42:45 | AC86: 23/05/2025 08:45:22 | AD86: 156.83359 | AE86: FR | AF86: Terminé | AH86: direct | AI86: Smartphone | AJ86: aa588d67cccf4d2bb8f808dd4fdad167
A87: 86 | B87: Femme | C87: 25-34 ans | D87: En activité professionnelle | F87: Appartement | H87: 25000 | I87: 25 | J87: Proche du centre | K87: Oui | L87: Préoccupations environnementales;Envie de partager des compétences;Réduire l'accumulation d'objets | N87: Oui , avec certaines conditions | O87: Cuisine | P87: Non, jamais | Q87: Oui, entre 20€ et 30€ | R87: Autre : | S87: Dur à dire, j'aurais besoin d'un exemple d'objet pour me prononcer | T87: Facilité de réservation et d'emprunt;Prix abordable;Durée de prêt flexible | V87: Je ne souhaite pas être tenu(e) informé | Z87: CKDF-RB7X | AA87: 23/05/2025 09:32:39 | AC87: 23/05/2025 09:36:16 | AD87: 216.27676 | AE87: FR | AF87: Terminé | AH87: direct | AI87: Smartphone | AJ87: aa588d67cccf4d2bb8f808dd4fdad167
A88: 87 | B88: Femme | C88: 25-34 ans | D88: En activité professionnelle | F88: Appartement | H88: 25000 | I88: 25 | J88: Centre | K88: Oui | L88: Manque d'espace de stockage;Contraintes budgétaires;Préoccupations environnementales;Envie de partager des compétences;Réduire l'accumulation d'objets | N88: Oui , avec certaines conditions | O88: Ménage | P88: Oui, occasionnellement | Q88: Oui, entre 20€ et 30€ | R88: 15€ | T88: Disponibilité des objets;Facilité de réservation et d'emprunt;Prix abordable;Durée de prêt flexible | V88: Je souhaite être informé(e) des prochaines étapes | W88: Hocquet Marie | X88: Marie.Hocquet.1996@gmail.com | Y88: 0638053370 | Z88: R63J-TBSH | AA88: 23/05/2025 09:22:16 | AC88: 23/05/2025 09:48:12 | AD88: 1556.0641 | AE88: FR | AF88: Terminé | AH88: direct | AI88: Smartphone | AJ88: aa588d67cccf4d2bb8f808dd4fdad167
A89: 88 | B89: Homme | C89: 35-44 ans | D89: En activité professionnelle | F89: Maison | H89: 25000 | I89: 25 | J89: Centre | K89: Peut-être | L89: Manque d'espace de stockage;Contraintes budgétaires;Préoccupations environnementales;Envie de partager des compétences;Réduire l'accumulation d'objets;Éviter les frais d'entretien | N89: Oui , sans condition particulière | O89: Bricolage | P89: Oui, occasionnellement | Q89: Oui, entre 1€ et 10€ | R89: 10€ | T89: Disponibilité des objets;Facilité de réservation et d'emprunt;Prix abordable;Durée de prêt flexible | V89: Je ne souhaite pas être tenu(e) informé | Z89: 5UDD-7PX6 | AA89: 23/05/2025 10:53:57 | AC89: 23/05/2025 10:55:21 | AD89: 84.554113 | AE89: FR | AF89: Terminé | AH89: direct | AI89: Smartphone | AJ89: aa588d67cccf4d2bb8f808dd4fdad167
A90: 89 | B90: Homme | C90: 45-54 ans | D90: En activité professionnelle | F90: Appartement | H90: 25230 | I90: 25 | J90: Proche du centre | K90: Oui | L90: Manque d'espace de stockage;Contraintes budgétaires;Préoccupations environnementales;Envie de partager des compétences;Autre : | M90: S’inscrire dans une démarche moderne et nécessaire pour continuer à profiter des bienfaits du vivre ensemble | N90: Oui , avec certaines conditions | O90: Matériel sportif | P90: Oui, occasionnellement | Q90: Oui, entre 10€ et 20€ | R90: 10€ | T90: Disponibilité des objets;Facilité de réservation et d'emprunt;Prix abordable | V90: Je souhaite être informé(e) des prochaines étapes | W90: Jean-Phi Putaud | X90: contactjeanphi@gmail.com | Y90: 0698895810 | Z90: 5864-WS9P | AA90: 23/05/2025 18:36:33 | AC90: 23/05/2025 18:39:20 | AD90: 167.43759 | AE90: FR | AF90: Terminé | AH90: direct | AI90: Smartphone | AJ90: aa588d67cccf4d2bb8f808dd4fdad167
A91: 90 | B91: Femme | C91: 55-64 ans | D91: En activité professionnelle | F91: Appartement | H91: 25000 | I91: 25 | J91: Proche du centre | K91: Oui | L91: Préoccupations environnementales;Envie de partager des compétences;Réduire l'accumulation d'objets | N91: Non , je souhaite uniquement emprunter | P91: Oui, occasionnellement | Q91: Oui, entre 1€ et 10€ | R91: 10€ | T91: Facilité de réservation et d'emprunt;Durée de prêt flexible;Autre : | U91: Garantie du bon état de l'objet lors de l'emprunt | V91: Je souhaite être informé(e) des prochaines étapes | W91: Buret Christine | X91: chrisburet@lilo.org | Z91: CWZU-FLDD | AA91: 25/05/2025 23:05:51 | AC91: 25/05/2025 23:13:00 | AD91: 429.23657 | AE91: FR | AF91: Terminé | AH91: direct | AI91: Smartphone | AJ91: aa588d67cccf4d2bb8f808dd4fdad167

Sheet Feuil1
A1: Genre | C1: Age | E1: Activité | G1: logement | I1: Code postal | K1: Emplacement du domicile | M1: intérêt pour une BO à Besançon | O1: Motivations | Q1: Partage d'objets
A2: Homme | B2: =COUNTIF(Tableau1[Quels est votre genre ?],Feuil1!A2) -> 25 | C2: 18-24 ans | D2: =COUNTIF(Bibliotheque!C:C,Feuil1!C2) -> 43 | E2: En activité professionnelle | F2: =COUNTIF(Bibliotheque!D:D,Feuil1!E2) -> 43 | G2: Appartement | H2: =COUNTIF(Bibliotheque!F:F,Feuil1!G2) -> 43 | I2: 25 | J2: =COUNTIF(Tableau1[Département],Feuil1!I2) -> 52 | K2: Hyper-centre | L2: =COUNTIF(Bibliotheque!J:J,Feuil1!K2) -> 4 | M2: Oui | N2: =COUNTIF(Tableau1[Une bibliothèque d''objets à Besançon vous intéresserait-elle ?],Feuil1!M2) -> 51 | O2: à reprendre | Q2: Oui , avec certaines conditions | R2: =COUNTIF(Bibliotheque!N:N,Feuil1!Q2) -> 41
A3: Femme | B3: =COUNTIF(Tableau1[Quels est votre genre ?],Feuil1!A3) -> 62 | C3: 25-34 ans | D3: =COUNTIF(Bibliotheque!C:C,Feuil1!C3) -> 12 | E3: Étudiant(e) | F3: =COUNTIF(Bibliotheque!D:D,Feuil1!E3) -> 42 | G3: Maison | H3: =COUNTIF(Bibliotheque!F:F,Feuil1!G3) -> 42 | I3: 90 | J3: =COUNTIF(Tableau1[Département],Feuil1!I3) -> 24 | K3: Centre | L3: =COUNTIF(Bibliotheque!J:J,Feuil1!K3) -> 14 | M3: Non | N3: =COUNTIF(Tableau1[Une bibliothèque d''objets à Besançon vous intéresserait-elle ?],Feuil1!M3) -> 19 | Q3: Non , je souhaite uniquement emprunter | R3: =COUNTIF(Bibliotheque!N:N,Feuil1!Q3) -> 36
A4: Non-binaire | B4: =COUNTIF(Tableau1[Quels est votre genre ?],Feuil1!A4) -> 2 | C4: 35-44 ans | D4: =COUNTIF(Bibliotheque!C:C,Feuil1!C4) -> 22 | E4: Retraité(e) | F4: =COUNTIF(Bibliotheque!D:D,Feuil1!E4) -> 2 | G4: Autre : | H4: =COUNTIF(Bibliotheque!F:F,Feuil1!G4) -> 4 | I4: 68 | J4: =COUNTIF(Tableau1[Département],Feuil1!I4) -> 5 | K4: Proche du centre | L4: =COUNTIF(Bibliotheque!J:J,Feuil1!K4) -> 50 | M4: Peut-être | N4: =COUNTIF(Tableau1[Une bibliothèque d''objets à Besançon vous intéresserait-elle ?],Feuil1!M4) -> 19
C5: 45-54 ans | D5: =COUNTIF(Bibliotheque!C:C,Feuil1!C5) -> 8 | E5: Demandeur / Demandeuse d'emploi | F5: =COUNTIF(Bibliotheque!D:D,Feuil1!E5) -> 1 | I5: 67 | J5: =COUNTIF(Tableau1[Département],Feuil1!I5) -> 1 | K5: Périphérie | L5: =COUNTIF(Bibliotheque!J:J,Feuil1!K5) -> 8
C6: 55-64 ans | D6: =COUNTIF(Bibliotheque!C:C,Feuil1!C6) -> 3 | K6: Zone rurale | L6: =COUNTIF(Bibliotheque!J:J,Feuil1!K6) -> 13
C7: 65 ans et plus | D7: =COUNTIF(Bibliotheque!C:C,Feuil1!C7) -> 1

Sheet Contacts
A1: E-mail :
A3: aubertin.thibault@gmail.com
A4: molheratcaroline@yahoo.fr
A5: Alice.humbert1@orange.fr
A6: charmoilledesiree@yahoo.fr
A7: chazalannececile@gmail.com
A8: aurelie.thiebaud@yahoo.fr
A9: cecile.vouillot@gmail.com
A10: xavier.brand@free.fr
A11: piou25@laposte.net
A12: vincent25@zaclys.net
A13: mariannegeslin@yahoo.com
... A38: chrisburet@lilo.org
